"","mean","se_mean","sd","2.5%","25%","50%","75%","97.5%","n_eff","Rhat"
"Rt[1]",3.84455949731384,0.0281217549116464,1.60504521506985,1.01144610262111,2.62622657757262,3.77675602930321,4.93185867128936,7.11050965095682,3257.53960559317,0.99945098105597
"Rt[2]",3.81777480945844,0.0292163676127569,1.61788757889145,1.04443631813311,2.61199553092013,3.75066475570634,4.92166588874068,7.17196999437617,3066.50898012944,1.00003823652867
"Rt[3]",3.80840074067427,0.0301372845393547,1.64238887673531,0.945847222699386,2.62147547255212,3.72310353949218,4.86561022860456,7.24757086595941,2969.91317622011,1.00016645070358
"Rt[4]",3.87481286757285,0.0285483256271355,1.61914331900033,1.01226224167608,2.67642186761348,3.74274674511332,4.97276455563689,7.27001833749487,3216.69068073753,0.999684123292019
"Rt[5]",3.84995971898834,0.0305028382605667,1.62559266677531,0.99411555100884,2.68616665522161,3.74527404608571,4.92776414982913,7.23815380451588,2840.16099678531,1.000549347074
"Rt[6]",3.82157458405563,0.0296539740744463,1.64920476384681,0.94630242493871,2.62163010330015,3.70966653270417,4.88324034998057,7.35567981244658,3093.02445792828,0.999750022242769
"Rt[7]",3.84861332722251,0.0280847922185692,1.57945980526858,1.09828571620802,2.69047908849793,3.75783716135869,4.86969741600316,7.24990973293535,3162.82181967992,0.999997849467601
"Rt[8]",3.78706199069139,0.0284997550637852,1.55917638526676,1.04025628375289,2.66887475730167,3.67244323074366,4.83674208458201,7.15169800705165,2993.01050994628,0.999970911465809
"Rt[9]",3.71717697154967,0.0272108505508798,1.53446295118697,1.00537089243683,2.61932214843076,3.62618032877483,4.69382812544075,6.96928230205511,3180.0106906364,0.999578012851932
"Rt[10]",3.72521256366066,0.0283638694344144,1.63615541426183,0.858052101430563,2.53809147638773,3.65769923378612,4.79168427288404,7.13595990938774,3327.50067742861,0.999864275731666
"Rt[11]",2.46037629614818,0.0228206669576808,1.27199129530857,0.450592665633018,1.52363394818495,2.28299854567859,3.23399842487537,5.30995187897325,3106.7879543009,0.999467220880708
"Rt[12]",3.04283484313726,0.0249189704823755,1.42198601728229,0.631672889153803,1.99127699881641,2.92678315725436,3.95758262221752,6.07524295956369,3256.3453722025,0.999473835266259
"Rt[13]",3.52494672784929,0.0268869472143677,1.54985549596471,0.905733269581501,2.36814773785449,3.40296207087959,4.56444235419715,6.82251155135256,3322.76346267692,1.00007278927945
"Rt[14]",3.67600367528132,0.0286752486057891,1.58450460217681,0.937193882464527,2.52341927400105,3.58250274212447,4.66668450238874,7.05931061923713,3053.32213599897,0.999482403454856
"Rt[15]",3.72021221793824,0.0278673876725483,1.55980795792285,0.942888673456363,2.55965420464317,3.64990812201184,4.75722562525494,6.99549232316803,3132.92317219594,0.999434052536374
"Rt[16]",3.58455977614171,0.0277886615212769,1.56762761191625,0.865679641987692,2.44445274883905,3.4714569383967,4.60422216211522,6.84464537051796,3182.36911624183,0.999773337838398
"Rt[17]",3.11240469144003,0.0255622840302995,1.43837388818788,0.728072011496155,2.03193763504581,3.00882657877545,4.06439112671245,6.12367982782066,3166.24318906464,0.999659985350921
"Rt[18]",2.42175894890142,0.0226351485594647,1.24448081885702,0.429487746056787,1.48342595344437,2.28682214268919,3.22259542694604,5.19301856826118,3022.80210541423,0.999966948533067
"Rt[19]",2.51338639179053,0.0230004164810456,1.24591434278025,0.472718581946602,1.57177367450958,2.41626625707656,3.30946145881112,5.20436516496689,2934.30308748985,0.999901567584268
"Rt[20]",2.97862757339014,0.0242636967596886,1.34339942484716,0.736427505335045,1.99198733616461,2.90227950845226,3.82864745190174,5.89326579177262,3065.46510457548,1.00076063784874
"Rt[21]",3.48505135430468,0.0253344602291374,1.4513833248198,0.990175818022352,2.43706556173096,3.38445896794324,4.41397086870687,6.49517813657432,3282.01791034036,1.00102673640495
"Rt[22]",3.64828211910884,0.0269116526200326,1.50608372125626,0.970719428987372,2.57027592313598,3.55239610305493,4.63048042436278,6.88226063481648,3131.96927116504,1.00002865910586
"Rt[23]",3.30312211130815,0.024864258608202,1.34985189817518,0.928114113839307,2.30635977002378,3.24750524982843,4.20287522033538,6.14447983961468,2947.27876372489,0.999921439344541
"Rt[24]",2.40617413219862,0.0194639742990031,1.10752001188512,0.557775539600235,1.59864080067812,2.30692695678651,3.12834888417929,4.74701098915971,3237.72619992891,0.999647927628712
"Rt[25]",1.48464835006687,0.0134869448949445,0.763474501563387,0.29390325533249,0.925808842567747,1.39693078155483,1.92715135547986,3.22666379334085,3204.5120432986,0.999724886066429
"Rt[26]",0.905666019064179,0.00895411436008186,0.500464185585336,0.16235058533731,0.528231474190477,0.829448469213686,1.20882526302749,2.02638261698962,3123.9259730188,1.00044790592099
"Rt[27]",0.609154863247334,0.00683325299465657,0.368630898360401,0.0890856122722011,0.321722131679749,0.548813358747929,0.819596996877584,1.47418166862463,2910.23774143193,0.99970838136657
"Rt[28]",0.494591657492195,0.00525322571514337,0.300902422207504,0.0707066432446558,0.27308094127273,0.435259346707553,0.65913567120511,1.20771266618389,3280.94722319491,1.00046082688317
"Rt[29]",0.546982109274256,0.00596985729471911,0.330145503787847,0.0861932228874967,0.301250544656081,0.482170300496979,0.740092249032818,1.32239416110665,3058.31964633657,1.00173691293313
"Rt[30]",0.798816627604249,0.00799478079740055,0.452143340044926,0.141507916065165,0.458000874763825,0.730547741482532,1.05701577385136,1.86139981508724,3198.4469735184,1.00011865748393
"Rt[31]",1.42705803744498,0.0133755538480689,0.712804722162823,0.292985258688137,0.8969369110878,1.33749360305854,1.87927539045154,3.01827327879714,2839.99508247859,1.00014127969223
"Rt[32]",2.5617013586755,0.0194729430188227,1.06410133196218,0.743669446095291,1.78064854010517,2.46579615624806,3.26983059228017,4.811870380359,2986.08927420617,0.999891937241885
"Rt[33]",3.82028859662125,0.0233471673313018,1.29685212048059,1.44472378270451,2.89163762088621,3.74794518342373,4.67529173100361,6.49211502679293,3085.40743035704,0.999888366558542
"Rt[34]",4.56087597290798,0.0254188693723404,1.43052382420263,1.87845933019743,3.57069406478512,4.47891715706437,5.53010663455766,7.54500252565151,3167.21635558803,0.999631730318545
"Rt[35]",4.53577418126783,0.0219864860323,1.29512042525656,2.14633213295195,3.62997690446324,4.49671089320069,5.37637954792423,7.17340222542271,3469.83366924802,0.999813897241059
"Rt[36]",3.34329847873297,0.01864991754038,1.05676595845337,1.39375142095483,2.59275975142608,3.2645264217136,4.06445246344649,5.56959366847637,3210.73008878751,0.999403367362901
"Rt[37]",1.84840777161899,0.0120547639147155,0.682413700154475,0.672302405279821,1.35793587971916,1.79150214604051,2.28726583682014,3.31085384831864,3204.63119173712,0.999705250449911
"Rt[38]",0.890208258039408,0.00699250762137683,0.391444166392079,0.242964959485803,0.609993392902407,0.845886181634652,1.13387516356414,1.75571240605709,3133.81787722906,0.999929686395192
"Rt[39]",0.535735228366159,0.00466024096803667,0.264370807319191,0.118765911259649,0.340594451634891,0.503941206665535,0.694250396394219,1.15313112328922,3218.17937875808,0.999667333399785
"Rt[40]",0.478040748602238,0.00426660027417658,0.235798948769552,0.103155567596488,0.304132654176147,0.450716183703505,0.619063609204342,1.00814003883227,3054.35712914974,1.00024944729854
"Rt[41]",0.607111390724915,0.00503193572859971,0.278881622083885,0.14715727968435,0.402156245403065,0.580565048898207,0.779035426464228,1.22795443045799,3071.63509426427,1.00001169166036
"Rt[42]",0.927528210808878,0.00698274234560654,0.378281281208858,0.280555876732841,0.656337966389598,0.89730678646688,1.16953685911132,1.75215097518522,2934.79430561004,1.00008436658512
"Rt[43]",1.39141921817439,0.00876502317807697,0.498690120270994,0.532622650407128,1.03543537829656,1.35354341371113,1.71159572538246,2.46847356472392,3237.09459731208,1.00049691693054
"Rt[44]",1.95801880948335,0.0119353308948775,0.630464556584341,0.801457218758466,1.52484060089118,1.92165187596253,2.35167358968518,3.29994005015988,2790.30980477564,0.999565337250889
"Rt[45]",2.56320351537008,0.0130216470772737,0.731609818623139,1.24852135868203,2.03435053368622,2.52341996617368,3.02641986695524,4.14271949760551,3156.65565631847,0.99961028098706
"Rt[46]",2.97036494565864,0.0149471252791747,0.781731480139249,1.52909420390411,2.42710477868764,2.94522588041728,3.47259121909008,4.58758186628204,2735.26780265418,1.0019398715265
"Rt[47]",2.97935056932114,0.0131563380313472,0.731165715418605,1.63472862415915,2.45926610504881,2.96241253338571,3.4546298255388,4.49533227034964,3088.59945926955,1.0002545698791
"Rt[48]",2.69663931329127,0.0113953814818179,0.634212385193367,1.51019010194451,2.24622703634281,2.67447417515441,3.11101346231413,3.98785624045225,3097.50274976806,1.00069967270739
"Rt[49]",2.40728867301066,0.00981260132623073,0.551120576637252,1.39682444893274,2.0147155696455,2.389343415712,2.765163333629,3.53271885718191,3154.45941058027,0.999407119151844
"Rt[50]",2.17871308191566,0.00914489716744406,0.482376019539124,1.28193190065394,1.84570676457943,2.1558435722901,2.49217869862919,3.15494750323842,2782.36285261079,0.999582931471389
"Rt[51]",2.00590016403862,0.00742375757556345,0.425014458933527,1.20813012226664,1.71839731524574,1.99776872754495,2.28733390783726,2.88228199067604,3277.62940316905,0.999898317154526
"Rt[52]",1.88087785281444,0.0064746712998448,0.381320370060972,1.17239492677924,1.61128942695747,1.86554342524438,2.12830736752805,2.67182384124064,3468.52285673741,0.999686068670491
"Rt[53]",1.8058200929763,0.00593067663154763,0.346928824647671,1.15760087325576,1.56056708586828,1.79829920899775,2.0301280783912,2.52425182410217,3421.93912839231,0.999518262079878
"Rt[54]",1.78670072759522,0.00588469149219518,0.334351100069686,1.14015686793568,1.56386561279264,1.77618454993629,1.99604962368926,2.47441260937814,3228.18275756794,0.999860018686132
"Rt[55]",1.81885150172501,0.00555703163719219,0.309207774182567,1.24040793529641,1.60561442605071,1.81381379726159,2.02034814407399,2.45210309180376,3096.10064912604,1.00003368532629
"Rt[56]",1.84186243453867,0.00532019156994726,0.304845788694748,1.28074096979465,1.63501409596441,1.82633046497442,2.0451942072991,2.50870605830352,3283.26440417342,1.00000438825311
"Rt[57]",1.71627252497168,0.00495434010470023,0.26912913399282,1.20928888853836,1.53044284377616,1.70994209131295,1.89432108563726,2.26511624293807,2950.86807970981,0.999585256140431
"Rt[58]",1.44004882690347,0.00415557600570848,0.234821783930969,0.993558600968764,1.28440268579278,1.43308877287544,1.5943224697836,1.9244690777918,3193.11313381604,0.999863235827495
"Rt[59]",1.14953873778915,0.00347607222079477,0.196198733091665,0.778720455188038,1.01004233425311,1.14665079215928,1.28225397920171,1.53753815893043,3185.77291304356,0.999510536963519
"Rt[60]",0.958149793436677,0.00291488802166207,0.17057159848467,0.638063106841824,0.842650717631619,0.953830163677849,1.0706517299791,1.30516958377267,3424.28329887089,1.00126149938381
"Rt[61]",0.880604998051453,0.00281731314309326,0.15949065338021,0.584721469724414,0.769101927050834,0.873128785002194,0.987872161232229,1.20194856239647,3204.79483342647,0.999594903059916
"Rt[62]",0.883623949342547,0.00292789827930016,0.160782677390758,0.57797901151927,0.770914894133991,0.876436195609355,0.987725965105765,1.2143352275616,3015.55006982271,1.00003934041327
"Rt[63]",0.926508030995374,0.00291336581274588,0.161415972885353,0.627309189052028,0.818089711969058,0.921793677583946,1.02900195313793,1.2615105423182,3069.7497791939,0.999503060768744
"Rt[64]",0.979776171146515,0.00301926452415788,0.170108184052575,0.668305735770371,0.862017987773165,0.972456920464129,1.08949039614854,1.33344485997986,3174.3008726718,0.99971599921311
"Rt[65]",1.0236976425299,0.00307396965061485,0.171058357755242,0.711175683573993,0.90256300415495,1.02102465532206,1.13506097355718,1.3721988875626,3096.63091893132,0.999756265871697
"Rt[66]",1.05035320682017,0.00320956060998732,0.169066075070987,0.735295132034913,0.933165391054064,1.04064023422248,1.15957108417455,1.39975072641334,2774.73669842448,0.999704635193742
"Rt[67]",1.06055701385733,0.00312550821134104,0.176273934899711,0.732061731419781,0.935933758297479,1.05753467729758,1.1782168012468,1.41476610135551,3180.78936021325,0.999878275152072
"Rt[68]",1.06344060998176,0.00320134607218789,0.170474266810715,0.74231849534672,0.949145042626346,1.05827112625827,1.16890193729958,1.42515156778467,2835.648611839,1.00009404849937
"Rt[69]",1.04153624392841,0.00300977984173536,0.168052588973341,0.725025825012444,0.922752435325796,1.03732211672798,1.15238348080787,1.38029092230218,3117.60404792901,0.999704440341875
"Rt[70]",0.989894011820454,0.00278779386915586,0.158287023854196,0.686732850859416,0.880411863457892,0.986711200182972,1.09293338201445,1.30451085884705,3223.80904626257,0.999817154139319
"Rt[71]",0.942696166925878,0.00275139745235734,0.153521555021757,0.653319429647375,0.836260682103852,0.939402768308495,1.0448037931331,1.2561674783638,3113.37948813038,1.00033853233949
"Rt[72]",0.897320435761772,0.00263039899236354,0.149224602540217,0.617626858352728,0.797615881923509,0.891388634814999,0.99734912868313,1.20036718450049,3218.38208922853,0.999992481799549
"Rt[73]",0.860252596462807,0.00254468582019523,0.143132744458981,0.586050655655102,0.762774027388704,0.854608067102264,0.953278956214623,1.15272599536822,3163.80463283534,0.999892660057269
"Rt[74]",0.820717761618612,0.00238776028758541,0.139202862467481,0.554924777568717,0.725157651230546,0.81691984688258,0.912455121929346,1.10545887794078,3398.71604672602,0.99979184453999
"Rt[75]",0.800923831633376,0.00241453229475301,0.137154469622106,0.54098449476765,0.706049988221775,0.799588178903293,0.890819715718255,1.088232646828,3226.66510992124,1.0006101204222
"Rt[76]",0.832132165409332,0.00244507033114084,0.140730988435301,0.574893380091114,0.732267362567014,0.826211786505184,0.925437412881445,1.12373781369473,3312.81179816844,1.00016580199632
"Rt[77]",0.982855676597683,0.00279140942307351,0.158343254822517,0.680002598542168,0.870787946202414,0.980232460220119,1.08885008754983,1.30028952530982,3217.74819379421,0.999425680990143
"Rt[78]",1.28981711227283,0.00324884466486609,0.179352157568785,0.949453308276289,1.16690916592687,1.28440560712692,1.41128570961672,1.65493670389709,3047.58141660738,0.999409609153714
"Rt[79]",1.68881205158216,0.00371585587788145,0.205390326426058,1.30776005037713,1.54877611590076,1.68529155227509,1.82429363891999,2.10750815030796,3055.21830784166,0.999539184555247
"Rt[80]",1.99181586275635,0.00360812023564085,0.204547617842999,1.59635866397294,1.8537375073347,1.99115272532906,2.1291479231524,2.40305910725681,3213.85922305335,1.00064993113186
"Rt[81]",2.08928812047509,0.00339262823827044,0.191478813118568,1.71619861218243,1.95626613991175,2.08768454638656,2.21858285087713,2.46662037770276,3185.43618061766,0.999519455392174
"Rt[82]",2.02329930746205,0.00306117802459367,0.174485336768248,1.68313740402364,1.90517349924592,2.02514306815543,2.14257006897566,2.36441401626106,3248.93257133145,1.00018650589088
"Rt[83]",1.95140208970579,0.00318206201947711,0.160682314336086,1.64108737147952,1.84373186610612,1.9506727897739,2.06093957268652,2.26767800374045,2549.87491664139,1.00073674153427
"Rt[84]",1.95140891102879,0.00263892204392591,0.148295237283853,1.66213630894586,1.8512900447682,1.94681840563603,2.05111202286033,2.24904921367515,3157.92116925202,1.00041690953389
"Rt[85]",1.96655342291641,0.002545351144477,0.137472822071391,1.70648720401677,1.8708616809447,1.96397017212279,2.05776475894275,2.24912913298548,2917.01248615284,0.999782401557639
"Rt[86]",1.97252325011836,0.00232266853102154,0.130196017899927,1.71838442356051,1.88437929353168,1.97305796662919,2.05865782957768,2.22865238458716,3142.10671577405,0.999695904422231
"Rt[87]",2.02067132238872,0.00220115355757683,0.120382662467115,1.78855909392058,1.93907461583761,2.02340565877264,2.10141222067635,2.25210360802827,2991.07433595576,1.00026201124178
"Rt[88]",2.12583162228484,0.00203140250859444,0.116624402201336,1.89730091901828,2.04813925167223,2.12728622809631,2.20308829771753,2.35262887415682,3295.9976426281,1.00038146420226
"Rt[89]",2.20392295825212,0.001949045120192,0.106809576744628,1.99987294490876,2.12859029481758,2.20240280320851,2.27780603241168,2.41379976168133,3003.1470768381,1.00005617723284
"Rt[90]",2.17136848527042,0.00175845783692772,0.0998299377769734,1.98012202818128,2.10454910308561,2.1705189140119,2.2378442561685,2.36810429512837,3222.98052818755,0.999878525951834
"Rt[91]",2.04292466700119,0.00153747130762298,0.0878576692052086,1.87141997499233,1.983099339343,2.04243586312243,2.10246677906592,2.21089802623198,3265.46712441588,0.999738299407859
"Rt[92]",1.86277671032293,0.00141206428687405,0.0784852520643657,1.71831851589333,1.80930811472516,1.86243542726361,1.91500039937193,2.01904265338785,3089.35044780781,1.00110570787029
"Rt[93]",1.63128944813918,0.00120865609217569,0.0691001413369201,1.49398532365541,1.58519564615978,1.63067366512871,1.67736323465697,1.76981222700185,3268.52928527066,0.999394996100352
"Rt[94]",1.38322599553058,0.00103028450450504,0.0595205540878535,1.2683089877148,1.34376111662962,1.38285010576198,1.42277593826334,1.49931869425499,3337.48709279468,1.00045875279167
"Rt[95]",1.15890580625896,0.000928205795829894,0.0509063932901728,1.06095190745379,1.12602354987713,1.15821761342841,1.19279055343278,1.25782400895913,3007.8495200388,0.999639979281013
"Rt[96]",0.979350381806943,0.000832376783600676,0.0458103196742493,0.891018236481954,0.948434336647124,0.978733823289155,1.0104872085195,1.07031784617482,3028.91250189127,1.00005365291277
"Rt[97]",0.853491289191865,0.000723664329435022,0.0421248283841103,0.769249193707589,0.825342835791438,0.853367903903249,0.880841458961331,0.938174015094668,3388.45683006042,1.00074845257745
"Rt[98]",0.778730725883598,0.000701586087439135,0.0393896028285973,0.702100122686257,0.752622215034329,0.778246464086325,0.805423162165132,0.855986818171998,3152.10928976625,1.00043360448345
"Rt[99]",0.740105280076105,0.000660645764284346,0.0369995982867752,0.668379335885486,0.715335536077478,0.740210490647199,0.76411514829734,0.813438831951795,3136.58244889078,0.999681725098188
"Rt[100]",0.721847567254291,0.000700579195981993,0.0383788446713939,0.648262810724124,0.696382925784939,0.721632331208382,0.74695701421509,0.798363532030435,3001.02297741491,0.999617128040112
"Rt[101]",0.712866576521884,0.00070598801001035,0.0390085028009814,0.634681588601873,0.686983580784043,0.71218808927085,0.737826205060476,0.789547082223857,3052.97967416115,1.00020779916059
"Rt[102]",0.720355709688701,0.00074258371842273,0.0400885520272312,0.642500446809865,0.692544275467884,0.719796064797084,0.746637099620386,0.798098099507806,2914.40494095089,0.999593914303897
"Rt[103]",0.736826523175771,0.000743310145718302,0.0425251727647154,0.65229202172369,0.7078795294249,0.73687827234327,0.765363131510481,0.818725714874202,3273.04557009314,1.00115207623906
"Rt[104]",0.750926011912816,0.000748063287720666,0.0438783743278612,0.668114060422664,0.720784812946617,0.749457157897031,0.780105343306114,0.838725909510099,3440.52227799515,1.00115068093276
"Rt[105]",0.752102951127791,0.00078003203312985,0.0448984544741314,0.666117950053849,0.721607174787223,0.751984095722311,0.781973660823813,0.839673433282051,3313.12565467204,1.00019641958308
"Rt[106]",0.738673798678715,0.000835798898016587,0.0466791843679972,0.649702978807274,0.706946235120701,0.737684149745129,0.769169705028063,0.832225376075663,3119.19789792012,0.999530894828296
"Rt[107]",0.711662403650042,0.000801316031608446,0.045241114438768,0.623774732663019,0.680496361805831,0.710350470650406,0.742642805727988,0.802262928131433,3187.5640919316,1.0006724402201
"Rt[108]",0.670102047478689,0.000802690238337108,0.0458910240846907,0.582024009185014,0.637416967655058,0.668788261483503,0.701997104047778,0.761948437331469,3268.58313640215,0.999621119155575
"Rt[109]",0.629820528309164,0.000800164600560263,0.0448288707643959,0.544385795737664,0.598927232566384,0.628926085487177,0.66024606814235,0.719250085233441,3138.75147588953,1.00006290168454
"Rt[110]",0.610363126617168,0.000845498511655724,0.0472014159230137,0.52222872669277,0.577095712217257,0.608512753111164,0.642830218556884,0.708391247377124,3116.62362368294,0.999664484077493
"Rt[111]",0.609141076053675,0.000934250744093742,0.0483626890994677,0.516291283138558,0.575017976207175,0.608996211506069,0.640414932406721,0.705128176183755,2679.74813185179,1.00189631981615
"Rt[112]",0.61900929705463,0.000946766008246941,0.0518712910362489,0.517816141943829,0.58286444624075,0.618692766245618,0.655145031987603,0.718663963605435,3001.71047414402,1.00022135795533
"Rt[113]",0.626952866727123,0.000958865691107127,0.0531878078150557,0.525235338457914,0.591013859736802,0.625576497295819,0.662959100426057,0.734715344213937,3076.8662820418,0.999529681236515
"Rt[114]",0.625139450312376,0.00096643678117794,0.0562009793718407,0.516982838033789,0.586260941759206,0.624669101880062,0.662447805342185,0.736760586501663,3381.74508186018,0.999876288076405
"Rt[115]",0.619075627418701,0.0010857314796853,0.0590365581890081,0.509548975716505,0.576739075218695,0.618547593579556,0.659351314317906,0.736662985147111,2956.6315082932,0.999767706976248
"Rt[116]",0.630809344202754,0.0011014072443982,0.0624136886662028,0.511437538274527,0.589109557033283,0.629696925003066,0.671311766558748,0.757751362061217,3211.1740322684,1.00028756118526
"Rt[117]",0.659714153346201,0.00115088402387129,0.0652196220497431,0.53552242484218,0.61309572534628,0.660017917838367,0.703758929232614,0.788005857760142,3211.39282450255,0.999440814328496
"Rt[118]",0.69084618520317,0.00123596373622665,0.0714066675842658,0.55473506379338,0.64221233011306,0.689989772452725,0.737105626999599,0.839766914132119,3337.8443021218,0.999442404560814
"Rt[119]",0.693373719861011,0.00131468576173302,0.0743317239175854,0.554046724424016,0.642884301307458,0.692336473781335,0.739810063276919,0.850238882208844,3196.71921395895,0.999533678945863
"Rt[120]",0.661120731826283,0.00134160523546556,0.0746250862810711,0.519672543433999,0.609880832260967,0.659727845328659,0.709974853798797,0.814094375295779,3093.9992476466,0.999900676361131
"Rt[121]",0.593681111170394,0.00128169782932475,0.0726550849103618,0.45479303928927,0.543236904031933,0.593451597000074,0.642530827796345,0.735663924732524,3213.36997724599,1.00062591714918
"Rt[122]",0.495383452668088,0.00122941473315085,0.0701368494707038,0.363382616654851,0.447790206852841,0.493317057397738,0.540904491879687,0.639633530570449,3254.58546451874,0.999684287269492
"Rt[123]",0.387216557970517,0.00112840205400424,0.0639312585297978,0.267362712087366,0.343680799008517,0.385402793411336,0.430205378046904,0.519323731202566,3209.95372598955,1.00029207442139
"Rt[124]",0.272221498045693,0.00100498742110756,0.0567195773836921,0.167294424073187,0.23265167585448,0.270991200948868,0.308676852678103,0.394172821700601,3185.25877360057,0.999618108835117
"Rt[125]",0.166984527263776,0.000787786361543909,0.0445721638621328,0.0868991092692803,0.136090492803779,0.165188039092035,0.195961780559779,0.259367749996376,3201.18314222419,1.00078135869774
"Rt[126]",0.092011430834372,0.000594459325111088,0.0340815219347144,0.0317472476171985,0.067687889179067,0.0891856376343279,0.113769859666489,0.167433617176285,3286.95434839087,0.999738140795318
"Rt[127]",0.0495756806040186,0.000455606436485965,0.0251861957498888,0.0104126573314035,0.0312681321191869,0.0458865029351616,0.0644169751552411,0.10638948926724,3055.94439106324,1.00000790190981
"Rt[128]",0.0298871631478194,0.000324327819529143,0.0179415351881085,0.00421448909877238,0.0162649777600721,0.026917023591917,0.0403880991841838,0.0724136099087382,3060.20695481137,0.999787777492492
"Rt[129]",0.023128780540083,0.000267012277355757,0.0148927498441916,0.0033289921777951,0.0118760879222827,0.0203569096797738,0.0307915265479215,0.0589444977021082,3110.90914441921,1.00006459270183
"Rt[130]",0.0204160705501882,0.000237125454357733,0.0133455643380004,0.00269650316746628,0.0103000437353506,0.0179155709091491,0.027582805365833,0.0536126842977062,3167.50664434888,0.999991413822695
"Rt[131]",0.146555361184199,0.00136361411071259,0.0777698099247588,0.0278333427825307,0.0877445327407644,0.137450853706334,0.191805828623096,0.324442894308148,3252.66324109766,0.999681033844808
"Rt[132]",0.241158808910897,0.00224938904746071,0.126532354099187,0.0490715254770026,0.146598019250631,0.222733743754361,0.316468704044309,0.539222731791329,3164.27356980781,0.999666518841127
"Rt[133]",0.439542333314679,0.00424222590947466,0.231730092722058,0.0827968614234954,0.261352354161392,0.411054528260378,0.585503138608822,0.966506758602288,2983.85205788523,0.999729932756697
"Rt[134]",0.845570479952935,0.00762895797232227,0.440976550567154,0.178127374474184,0.511267746984829,0.789202451357482,1.11125779297613,1.85978328434909,3341.18518594621,0.999602531213015
"Rt[135]",1.7098988489057,0.0142111753861957,0.818487258580252,0.397729512523164,1.09340666941678,1.6295141664345,2.21926824762703,3.50068653252458,3317.14035393099,1.00072350344557
"Rt_adj[1]",3.78164062239042,0.0277716836101794,1.60987512397356,0.98489927920235,2.6074159794569,3.66821270237977,4.87144910608239,7.25786486839603,3360.31477497016,0.999555925382122
"Rt_adj[2]",3.83096657697958,0.0283188769914072,1.62622990515131,1.03043893243437,2.6506974303953,3.73771943815648,4.90276817049989,7.21099462106395,3297.70522377846,0.999625537222082
"Rt_adj[3]",3.83644221476724,0.0279459260959658,1.5979857272681,0.994540058218792,2.68874973676615,3.7219609241133,4.89508409522327,7.29384929881952,3269.70656725056,1.00005073199581
"Rt_adj[4]",3.81657937544503,0.0293240920906185,1.62079327265255,0.974269870589504,2.60402279437549,3.73092677026843,4.89638992977625,7.22145879997853,3054.96403211116,0.999807781245959
"Rt_adj[5]",3.84326250987537,0.0299916509673005,1.65728781990114,0.946991738717635,2.62894278571642,3.76322862046887,4.96393810407759,7.31273549536838,3053.48035731859,0.999647290332889
"Rt_adj[6]",3.84203815966966,0.0284912308271342,1.65393969860097,0.959952993504494,2.61727393020541,3.7346917780698,4.92393396746828,7.42839496080809,3369.89927674783,0.999670353850287
"Rt_adj[7]",3.79575014401358,0.0312609963457743,1.59571348843041,1.0125105991894,2.62976133375091,3.69536707808877,4.86136921001169,7.18367082203776,2605.57873336298,0.999860794077889
"Rt_adj[8]",3.74082603015298,0.0276853836053888,1.55114086576492,1.01691435379083,2.62355852305677,3.61935949242496,4.75578398245573,6.97770945720874,3139.072806325,0.999476097231567
"Rt_adj[9]",3.74969080399785,0.0291220665606195,1.62242890691643,0.936428826286586,2.5732048599768,3.66379291780164,4.79173880786943,7.15242896570093,3103.75170297671,0.999493122975006
"Rt_adj[10]",3.76816812251517,0.0283655515285138,1.57543671595442,0.985821571051069,2.65737765043127,3.65189540833223,4.78362042747627,7.17391879529429,3084.74636207158,0.999830594577994
"Rt_adj[11]",2.43664480605748,0.0226455164844722,1.2738481815229,0.466129748440324,1.48043239421868,2.28228600465139,3.24950442019365,5.21267600670217,3164.25068212378,1.00066162879001
"Rt_adj[12]",3.07531653874176,0.0281186568871646,1.46428602262076,0.603041957092113,1.99561719876326,2.95684056234327,4.04745294852596,6.2587010458352,2711.83142386957,0.999984074283657
"Rt_adj[13]",3.4858727275495,0.027684965355574,1.52140605666658,0.857393970713241,2.35909669656142,3.39557640267932,4.46625713579402,6.75578927892905,3019.96780369786,1.00042158647366
"Rt_adj[14]",3.67077011295708,0.0280837436630579,1.60503851547041,0.826428454191501,2.52871138526034,3.58877205751246,4.72509049100612,7.07012771620082,3266.33644200272,1.00111546070469
"Rt_adj[15]",3.68573971535027,0.0290176955604203,1.59626585302994,0.9128967230609,2.51413688655714,3.59470759071883,4.73454974846508,6.96991931790907,3026.10927634003,0.999416264455961
"Rt_adj[16]",3.58656815251006,0.028412495061931,1.5810458989245,0.872366424713422,2.43227021835706,3.43803895617989,4.61987427122213,6.93415854699957,3096.49376240014,1.00034636469731
"Rt_adj[17]",3.13560564557523,0.0252999107596399,1.46212437992308,0.701538201848425,2.04982530610038,3.04089483590079,4.06865342469225,6.28680856529987,3339.87842923295,0.999629895534801
"Rt_adj[18]",2.44329116158864,0.0226807619525218,1.26424084867792,0.468392280679045,1.46789304464929,2.2975599632596,3.22983435919583,5.28148719631962,3107.02220030033,0.999636950274099
"Rt_adj[19]",2.52067206454701,0.0226688813304791,1.21970865514808,0.564277979518089,1.59512643922702,2.38803522272567,3.30501741871418,5.19214646646089,2895.02309905144,0.999437165431967
"Rt_adj[20]",2.9622409226696,0.0247863351627556,1.36637758652588,0.684524291653336,1.96963956990971,2.84482182527555,3.84520647450893,5.97299032924687,3038.9028953249,0.999982498923251
"Rt_adj[21]",3.50748708474938,0.027710981144214,1.45138878209321,0.899240204081587,2.47432305890447,3.41114905665063,4.48101372381672,6.56945377469375,2743.23945507431,1.00068584457
"Rt_adj[22]",3.7356234503826,0.0254156217715926,1.44388179248281,1.17383515677314,2.71856398021269,3.66832068834106,4.69275823602898,6.66253822945504,3227.46693915428,1.00029330940594
"Rt_adj[23]",3.31284405443862,0.0252567542815908,1.34339643213658,0.949292457968423,2.33556523450535,3.23749128720855,4.23577581187985,6.09561349269574,2829.13259879735,0.999822238032767
"Rt_adj[24]",2.36679776701314,0.0197904872952811,1.07895253439648,0.592793975429527,1.58803148958924,2.27119099306524,3.04474792649109,4.69325260134906,2972.29357907076,0.999432994777637
"Rt_adj[25]",1.48448309594685,0.0134735858722544,0.752401055993177,0.314724788808644,0.925722614122233,1.40812173021413,1.9407148126373,3.177130454287,3118.40417744933,0.999646745836713
"Rt_adj[26]",0.910123259672944,0.00879812939594671,0.50071207462953,0.159631184028873,0.533476284718448,0.839838655248997,1.20826172786511,2.02152221671895,3238.88433550308,1.00044763059429
"Rt_adj[27]",0.613617097166005,0.0062688171379323,0.361402046883218,0.0911376794408297,0.338847452327873,0.554498928761385,0.822445790829582,1.44663990614497,3323.60966103822,1.00020799218204
"Rt_adj[28]",0.49946964436978,0.00557837541185952,0.303071748180109,0.0779093098791484,0.273278184118557,0.444650253111396,0.664666384346991,1.21877048495588,2951.72186454977,0.999707066479371
"Rt_adj[29]",0.546317658435982,0.00592235150869309,0.329067002609713,0.0780969449689738,0.299472634464054,0.484923720323405,0.732556119224593,1.33115894224334,3087.310498632,0.999759071867178
"Rt_adj[30]",0.794705724276003,0.0082151991044156,0.450682380418834,0.136577417044738,0.46124824186064,0.728218322065278,1.05389270720672,1.86923027407809,3009.57362374289,1.00047579330497
"Rt_adj[31]",1.41472624845641,0.0120802352064353,0.702543313449034,0.308892927890203,0.896893475242793,1.34177198477351,1.85255146483048,3.02441870332734,3382.16996792998,0.999702995638945
"Rt_adj[32]",2.52434647906049,0.0194352958237181,1.0314243005673,0.732482387790072,1.78641361288051,2.44827380912687,3.18141858375138,4.78946351327594,2816.38749748495,0.999641723860784
"Rt_adj[33]",3.84741199820012,0.0232452142867776,1.32008052003047,1.42113380802236,2.93483240354439,3.77476299574732,4.68980436471334,6.68173936083038,3225.02983403241,0.999765708486251
"Rt_adj[34]",4.54551695158616,0.0249562283106236,1.40177395586758,1.88234308983278,3.59349218605257,4.48022632953183,5.43507339105198,7.40521962856566,3154.99062719403,0.99953816048592
"Rt_adj[35]",4.53552631771154,0.0224214392424617,1.32055494833161,2.1001284903437,3.61126376616549,4.48339300388846,5.38375060240111,7.29388582920005,3468.85367362985,0.999518922992597
"Rt_adj[36]",3.36104377928174,0.0174669655935363,1.01209931786844,1.46909044927563,2.64549492190468,3.33522494387854,4.0137983139282,5.45948709541463,3357.46376856214,1.00003037412478
"Rt_adj[37]",1.83424100216051,0.0116622935906412,0.652109606801947,0.682207491929859,1.37041380594457,1.79316730630557,2.23049310134589,3.22615805004349,3126.6067118991,1.00018304389203
"Rt_adj[38]",0.902642266870069,0.00722167122616525,0.395065949921485,0.235021932286318,0.617478777635365,0.8656468365916,1.13957555119185,1.77236206785184,2992.70407264145,1.00103262257021
"Rt_adj[39]",0.525497823238351,0.00464384779472544,0.258776946984539,0.112356251363484,0.33220574065703,0.497088558906456,0.682149002659443,1.11831581260806,3105.24031280719,1.00092562274935
"Rt_adj[40]",0.48302075269977,0.00420087052507905,0.240549591485942,0.103822477069021,0.304351382710206,0.453314320590555,0.621644625943399,1.01658576199415,3278.91874596591,0.999546740395291
"Rt_adj[41]",0.610294395035236,0.00505345306286645,0.281519178717269,0.151074619095059,0.401422658288503,0.584195353934152,0.779531371263778,1.24787797999324,3103.4124721168,0.999900154069316
"Rt_adj[42]",0.916773748259758,0.00693368869811675,0.380864104990403,0.258924079507856,0.643504907608317,0.888571507042975,1.15352476075392,1.73803697256422,3017.25078856046,0.999455079291204
"Rt_adj[43]",1.39188061237153,0.00895817346894017,0.49533006448111,0.499631484781699,1.0426734443767,1.35381728103742,1.71043560890614,2.42692953761035,3057.38718776945,0.999672308644845
"Rt_adj[44]",1.97426039636608,0.0112298866931856,0.63081027113419,0.829749827097984,1.53026043282564,1.94814623889019,2.38668440748652,3.27777383645484,3155.34436264969,1.00053216248271
"Rt_adj[45]",2.58011068178488,0.0127869663352299,0.744945732266453,1.2250582725658,2.04941665562582,2.55254414927163,3.05183004336648,4.20191285254947,3394.01868838226,0.99949243125072
"Rt_adj[46]",2.94420261858032,0.0133461498197056,0.775514411612529,1.53830513823156,2.3930936152524,2.89460080899002,3.46601166693718,4.5262613845334,3376.50777503697,0.999676350967036
"Rt_adj[47]",2.95217524433056,0.012927241682613,0.736093659147794,1.57388194470121,2.44516539906148,2.91501667867889,3.43250271862416,4.46309055415951,3242.30911142165,0.999679339696991
"Rt_adj[48]",2.72084932532019,0.0114432548635799,0.653509470895934,1.54158956470237,2.26994229912056,2.69884126327356,3.14606955956862,4.11074637160114,3261.40423320891,0.999834759843767
"Rt_adj[49]",2.4193241816635,0.0100047325324094,0.549320513273877,1.39096111219526,2.0385922245663,2.39854174587049,2.7792744473205,3.5527675098146,3014.67617729927,1.00031286236858
"Rt_adj[50]",2.17653587769033,0.00848428637215835,0.467098134181526,1.30138271865621,1.85165594012586,2.16561839948934,2.48295391477831,3.13284578899494,3030.99784183971,0.999685683897279
"Rt_adj[51]",2.0121320686656,0.00748024036010424,0.420754844533681,1.20053973770499,1.72946597815994,1.99845501891821,2.28293030900033,2.88857028754857,3163.93202174847,0.999963357325205
"Rt_adj[52]",1.87979210899939,0.0066564712390921,0.382932333097636,1.16161864939939,1.61519098999485,1.8722877215161,2.11736314136391,2.67331772348475,3309.45100421879,0.999627280127812
"Rt_adj[53]",1.7969081182008,0.00627032956700482,0.345308409606703,1.17096713518752,1.5581108196833,1.7798540352345,2.02836522299723,2.52175469156519,3032.72879498589,0.999806586870576
"Rt_adj[54]",1.77773373142679,0.00556976860632599,0.326791788186944,1.17737482973126,1.5484441030398,1.76256372843335,1.99394320125267,2.44350420551525,3442.4525571376,0.999564290791355
"Rt_adj[55]",1.83370075910786,0.00559308508856033,0.31711273414286,1.23886270426367,1.62125160493885,1.82156381393541,2.03987283158893,2.47803467597989,3214.5820219092,0.99946094044132
"Rt_adj[56]",1.84507736050699,0.00522873482545015,0.301273559162927,1.28032092322456,1.63885705273775,1.83871446733065,2.04317645216262,2.44723971994859,3319.92904471638,1.00058883890192
"Rt_adj[57]",1.71354174917214,0.00454548026361475,0.267649135724805,1.21933209329335,1.52965369843953,1.70810930673793,1.88555714715188,2.26804990468844,3467.14606264212,1.0006298049723
"Rt_adj[58]",1.44020068187926,0.0043482768303019,0.23701532711026,0.999982225421769,1.27619297822632,1.43578318124726,1.5957176497829,1.92227300363649,2971.10836628444,0.99978938652212
"Rt_adj[59]",1.14879346576668,0.00362416751565834,0.203368282938767,0.770712127769119,1.00907879298784,1.14506254574323,1.2810649167082,1.57602550794321,3148.835093732,1.00003006563278
"Rt_adj[60]",0.962399824558027,0.00293837351487936,0.173466089013866,0.634275256227091,0.842582235931239,0.956043043824588,1.07821400594223,1.31495071626013,3485.09942347534,0.999499988822364
"Rt_adj[61]",0.881097261847295,0.00289903422649753,0.159779503058325,0.575465139912948,0.770825117019064,0.879886610349162,0.985994968620359,1.20809398405615,3037.63401065952,1.00027494531637
"Rt_adj[62]",0.88446775777609,0.00277175082484112,0.15634762562842,0.586455655942558,0.77662586217092,0.885579495736544,0.989242957082797,1.19884262557476,3181.80975913782,0.999737673533377
"Rt_adj[63]",0.924585161400923,0.00293876111383569,0.16269537022704,0.622240769971464,0.81247206582576,0.916158753759752,1.034591398691,1.25019126568709,3064.93889099437,0.999582864440906
"Rt_adj[64]",0.986308630924578,0.0031218963542204,0.170944544178807,0.659883106183576,0.874439575542926,0.9830537483835,1.09556763066628,1.33717861371067,2998.28925202144,0.999528061434514
"Rt_adj[65]",1.03132084863175,0.00305221084094791,0.173407673158386,0.698234121273108,0.9158108425946,1.02577485289517,1.14003172221919,1.38999006205488,3227.80700983892,1.00010019432615
"Rt_adj[66]",1.05157631254083,0.00318710027138821,0.172846879444398,0.72894053024768,0.930171036367806,1.04635428097117,1.16419477400105,1.40119284609506,2941.24791213013,0.999812282859251
"Rt_adj[67]",1.06380567913708,0.00312489268725711,0.173395239332629,0.748180639077745,0.945339814784293,1.05508976934701,1.18172571095336,1.41136058597018,3078.96054383561,0.9995284182964
"Rt_adj[68]",1.06634393503378,0.00303341363925611,0.171991564148256,0.744223086173506,0.948198700198411,1.0610839502016,1.17818496315319,1.4196369292433,3214.7782539282,0.99984293539637
"Rt_adj[69]",1.03974122954077,0.00294295949800117,0.166786682035092,0.733319324000021,0.924006091058103,1.03071507014388,1.14783563221116,1.38609222147521,3211.8419624371,1.00039266153997
"Rt_adj[70]",0.994523991276533,0.00289188047139471,0.163721194880616,0.6881818669837,0.883011432693695,0.989355108652117,1.09744926993715,1.33271577176606,3205.1557191702,0.999695583336626
"Rt_adj[71]",0.941038856449794,0.00270825328055607,0.15292013633421,0.653731946918282,0.836367036324829,0.937125983195862,1.04207464636956,1.26496302838468,3188.23846653556,1.0005293755536
"Rt_adj[72]",0.898661935974683,0.00251379344764106,0.145615384510322,0.623113109626398,0.798517790143693,0.896643856030308,0.992533566617485,1.20044642201266,3355.48531822519,0.999478034877775
"Rt_adj[73]",0.857937732582851,0.00253634588536924,0.146171763519349,0.588844847046675,0.75963708280003,0.85400838824267,0.951581736356344,1.15673650157564,3321.31461048844,0.999775330891357
"Rt_adj[74]",0.818284765066326,0.00255222932501022,0.142831291125669,0.546857592360831,0.719329576442046,0.81759894059137,0.912859888137813,1.11208509233768,3131.89602266358,1.00020098342785
"Rt_adj[75]",0.798418437731196,0.00244800852064481,0.141232578647434,0.532012519901229,0.699681408870621,0.795830239198054,0.893273740544351,1.08343196405226,3328.46448236937,1.00060105930202
"Rt_adj[76]",0.837759886757436,0.00251082110794347,0.142655392152131,0.573247600683418,0.740308502327784,0.832244170198881,0.932983785086208,1.12641960640137,3228.08410882611,0.999514722419729
"Rt_adj[77]",0.979131138806674,0.00274286555461477,0.157806078271282,0.679964622700912,0.867308539332053,0.978486301243119,1.08217822810184,1.29003386296041,3310.07941151644,1.00007057575075
"Rt_adj[78]",1.28757569426736,0.00314112133110485,0.177763336091713,0.955138323769653,1.1636343858446,1.28430323675602,1.409003402157,1.63938103049695,3202.69041500358,0.999429872298664
"Rt_adj[79]",1.68123045594361,0.00345352752067126,0.196648917485723,1.31595200437386,1.5434277854435,1.67644124382367,1.81325836557684,2.07736381967248,3242.33047067024,0.999506674547413
"Rt_adj[80]",1.99837182028554,0.00363781558497645,0.203821476312736,1.60384530072354,1.85779676386829,2.00019076819753,2.1359265950173,2.4011144833231,3139.19668762029,1.00083524421428
"Rt_adj[81]",2.09641118883771,0.0034349959194714,0.198584803542346,1.72119735202096,1.9586613569813,2.09151166885252,2.22905806208518,2.49407363536059,3342.25492709075,0.999497499218026
"Rt_adj[82]",2.02051710934341,0.00308351306877563,0.175411527753035,1.67637405957663,1.90291575557858,2.01498623165417,2.13991218740008,2.37043113445507,3236.12043067588,1.00097857193061
"Rt_adj[83]",1.95057635597936,0.00278502941066641,0.158575369039992,1.64158714635381,1.84401692112012,1.94994738850253,2.0597428302435,2.26922579014246,3241.99163493661,1.00079356349805
"Rt_adj[84]",1.94882907545355,0.00238863414436658,0.144097520978011,1.67391151478762,1.85068134005364,1.94809106520195,2.04724082950057,2.22755274925004,3639.26555260211,0.999803361352175
"Rt_adj[85]",1.96574776736501,0.00247702611706949,0.13804058733979,1.69729070537106,1.87388345740655,1.96376522511696,2.05879375874671,2.24083050906369,3105.64939547538,0.999580737291868
"Rt_adj[86]",1.97389445836018,0.00228608185812719,0.127499678988166,1.7376950570602,1.88526031688994,1.97390354773661,2.05827267850075,2.23412863982699,3110.53167557598,0.999589805435192
"Rt_adj[87]",2.01937062579524,0.00211038332343545,0.121418591087106,1.7812302851302,1.93913078340408,2.02129491487208,2.10010886645978,2.2496058140784,3310.1500851289,1.00005858495785
"Rt_adj[88]",2.12851255460514,0.00206977834073661,0.114987105340639,1.90778308338338,2.04975787340924,2.12791177631001,2.20390454871233,2.35646714093331,3086.38860351491,1.00027958927338
"Rt_adj[89]",2.19947346530835,0.00202051749619421,0.108370910464709,1.99603640914697,2.12767434604005,2.19877795234958,2.27180870239601,2.41491535933619,2876.73735760965,1.00132772173863
"Rt_adj[90]",2.17175246203054,0.00171691809056678,0.0992954050977836,1.98214076227307,2.10450095859739,2.17232852717204,2.23737754933074,2.37055826693538,3344.71525199665,1.0005432429044
"Rt_adj[91]",2.03926557344181,0.00160289400844589,0.0893602029848953,1.86783012251396,1.9799479163569,2.03624103210477,2.10009459184685,2.21544243270079,3107.98334028871,1.00034022631614
"Rt_adj[92]",1.8622281105254,0.00145244858306158,0.0794896614454004,1.70846724903489,1.80677388297279,1.86343669651596,1.91560261581617,2.01808410954646,2995.15815829287,1.0000799543471
"Rt_adj[93]",1.63352113093809,0.00127921471336386,0.0698082704850942,1.50139473252702,1.58638476004847,1.63301739018423,1.68070346517676,1.77017461700287,2978.01488989767,1.00022987949983
"Rt_adj[94]",1.38230444193764,0.00111433924355989,0.0594101864027363,1.27015083102089,1.34093230889503,1.38197549455007,1.42232516284017,1.50066810477332,2842.41168226361,1.00011389897589
"Rt_adj[95]",1.15702067449675,0.000911977532147291,0.0518156162464438,1.05479021014057,1.12256411456664,1.15774685708059,1.19267904958314,1.25496421637499,3228.14517346614,1.00053579476294
"Rt_adj[96]",0.980402749832866,0.000798319414397462,0.0462137757006065,0.893848180068667,0.948577634004144,0.979428406647614,1.01170095217596,1.0716898058167,3351.11646979133,0.999526087607318
"Rt_adj[97]",0.853573391056027,0.000725799396873011,0.0407483531026361,0.775270669556717,0.825839638422288,0.852355742645474,0.88149363146389,0.93225067437165,3152.00513087969,1.00026667160561
"Rt_adj[98]",0.778316098183801,0.000677800756753904,0.0389345462815803,0.703854462705628,0.751311418208179,0.778537898247302,0.804847733175345,0.854376351462687,3299.63679116973,0.999739854046113
"Rt_adj[99]",0.739907665876397,0.000657078960551725,0.0381237583471805,0.666907648895465,0.713758357483893,0.739345077320897,0.765187012763764,0.814781858182104,3366.32694407924,0.999859849443765
"Rt_adj[100]",0.72232715044958,0.000644002304038596,0.0373620051059576,0.649440514090692,0.696746532693369,0.721756366710841,0.747597551681349,0.794595572503136,3365.77831977506,0.999675627743021
"Rt_adj[101]",0.713620449686012,0.000688749531514607,0.0383289707557967,0.63918094742127,0.68762706428455,0.71327029569205,0.738260806290737,0.79189370419318,3096.93208708629,1.00003065198318
"Rt_adj[102]",0.720751435629064,0.000708348465397448,0.0406253282732936,0.64277829721126,0.69238551476786,0.719896233682316,0.747295398946285,0.801857102930955,3289.27248324216,0.999424310376617
"Rt_adj[103]",0.738986211177897,0.00073961045673205,0.0419954264734775,0.656964328563829,0.710885585837205,0.738595020782161,0.767730839314287,0.821220264135603,3224.02133173053,1.00022944573644
"Rt_adj[104]",0.750645295424794,0.000797253781862261,0.0442969642121356,0.665660789114524,0.720323620641204,0.750341578123574,0.779005679689079,0.839939816014509,3087.12881688934,0.999462866843684
"Rt_adj[105]",0.75326069778175,0.000821863857037502,0.0459018666492473,0.664039638998652,0.721897073319387,0.751962017887316,0.785096069421819,0.843575803397108,3119.32718379369,1.000073951932
"Rt_adj[106]",0.742036225518477,0.000822047984038834,0.0468915291745165,0.656107773436717,0.709440944088188,0.742313206948848,0.77305141095935,0.836044802903726,3253.82696677741,0.999570910772856
"Rt_adj[107]",0.711116565272365,0.000842362084179001,0.047030448166397,0.621436009885972,0.679469951506472,0.710617254101121,0.742307483620195,0.804903794646447,3117.17090268872,1.00038275673286
"Rt_adj[108]",0.671033575275956,0.000861271921587957,0.0462561984861837,0.581019544842965,0.640079569835592,0.670194769431288,0.702518412973893,0.76254033162507,2884.42531092625,1.00163308338341
"Rt_adj[109]",0.62964643153541,0.000824519235769877,0.0455348528287687,0.542482529961968,0.599751120606111,0.628913522773241,0.659605978473579,0.718797520685963,3049.90484879122,0.999774242418073
"Rt_adj[110]",0.609612435704441,0.0008470347336692,0.0473233590182761,0.517280165347821,0.577509352728101,0.609517155585261,0.64017967579698,0.703528668697184,3121.39469365121,0.999472803125896
"Rt_adj[111]",0.60958339942888,0.000816062647715436,0.0485457703475385,0.514737693448684,0.576735879875404,0.609120330523671,0.642153568344534,0.703865377315809,3538.7981699197,0.999630318299638
"Rt_adj[112]",0.620238453202228,0.000905948139714518,0.0506145511568636,0.525298170570624,0.585178318696016,0.619387479363736,0.653935148711633,0.721714023875759,3121.36175483714,1.00050613894848
"Rt_adj[113]",0.628079750524757,0.000977201163766078,0.0529907435218176,0.528155744303605,0.590768031861621,0.626638123547746,0.663311987335198,0.73477097306091,2940.57374570907,0.999666175920577
"Rt_adj[114]",0.626355372249899,0.00101663862395141,0.0556626773002627,0.518687738911573,0.589232125461376,0.625878952282952,0.663452493708494,0.740420395215455,2997.74696756081,0.999579021384824
"Rt_adj[115]",0.623632922367771,0.00103320393412362,0.0581890381092739,0.511776707865357,0.583926577478487,0.623711712482598,0.661812459523483,0.739637110276154,3171.83256749522,1.00040195406397
"Rt_adj[116]",0.63489244105321,0.00114061119125729,0.0616358776926039,0.517292777825786,0.592798631184258,0.634603763626316,0.675282341122019,0.752550563655736,2920.06092360915,1.00033522466565
"Rt_adj[117]",0.666766388046472,0.00118569115090515,0.0653484690613826,0.542670922196567,0.619925624653179,0.66518702460805,0.712509999007271,0.796304686844923,3037.5796743152,1.00105221511272
"Rt_adj[118]",0.700189940212622,0.00123473752405899,0.069336968962028,0.56626785030355,0.652586790213728,0.699443261806105,0.746536143439719,0.837827367063668,3153.40979348796,0.999861921728701
"Rt_adj[119]",0.710357089077808,0.00137864925116207,0.0748007240222597,0.568381556101739,0.659150568763614,0.709454222027349,0.760878111816701,0.85801795746637,2943.77101356803,1.00002383923498
"Rt_adj[120]",0.68184679212538,0.00134865508503414,0.078099516013646,0.531764126850915,0.629210054617027,0.678952032630252,0.733639629129331,0.83855260697445,3353.47363807983,1.00032759467659
"Rt_adj[121]",0.618846054802078,0.00135510808289865,0.075412748385486,0.472325715360652,0.568479577144015,0.61736610701353,0.668910202684374,0.767636237560189,3097.0032849193,1.0000590707238
"Rt_adj[122]",0.525825193731668,0.00128051214432465,0.0731577924776673,0.386120547136686,0.475501792793015,0.524395883045046,0.573313209252942,0.671419812367321,3264.02729020036,0.999861320579436
"Rt_adj[123]",0.418791396611524,0.00122724298872281,0.0692554655210962,0.295723993259768,0.370299647800636,0.415446870633022,0.464320098655326,0.561137931090118,3184.54203948836,0.99976654857619
"Rt_adj[124]",0.303502076426696,0.00108311360971979,0.0598399548398778,0.193102771833338,0.262700233622756,0.301684039447229,0.342300294787025,0.426520489574997,3052.35110687568,0.999432356776236
"Rt_adj[125]",0.19631542183021,0.000916982026212462,0.0529117055726562,0.101153661350317,0.159224908533677,0.192522140221535,0.231664534206787,0.308629062806292,3329.52189842708,0.999772787053032
"Rt_adj[126]",0.110740600145143,0.000753209265221859,0.0426989378576071,0.03880604211587,0.0810274952282819,0.106240883373158,0.137235817477027,0.20509255160063,3213.68153009251,0.999558792697183
"Rt_adj[127]",0.0632004052586072,0.000543176992860649,0.0318818410319659,0.0142438236107579,0.0391597244733744,0.0585301004109197,0.0828595396934177,0.134352769009166,3445.11759911065,1.00022505649547
"Rt_adj[128]",0.0419721686779586,0.000458183079045576,0.0250345386459522,0.00621227155522201,0.0225743976846948,0.0382133041391096,0.0565419424808401,0.100179060798106,2985.39012421775,1.00146586572669
"Rt_adj[129]",0.0353486654157419,0.00040732746254739,0.0225585401505859,0.00472151992704306,0.0184761420824476,0.030887908009763,0.047230394232106,0.0896167994367615,3067.14705756238,0.99977069554092
"Rt_adj[130]",0.0372799220076489,0.000449623291800582,0.0259967549350341,0.00464943929886325,0.0181682535063374,0.03145206473598,0.0495163018912058,0.102389071254122,3343.03311571636,0.999539917754481
"Rt_adj[131]",0.321675507320143,0.00299253137296939,0.169252001456731,0.0632872185843591,0.197709382369928,0.294916112055696,0.422277775176296,0.705091630037149,3198.82293981842,0.999723835828046
"Rt_adj[132]",0.679348706288889,0.00630541151392888,0.358379998663049,0.132029724402138,0.406929757860728,0.630855486462153,0.891201246505024,1.47812874759031,3230.43239011726,1.0002696458455
"Rt_adj[133]",1.61870342682901,0.01393410010755,0.805846719811766,0.305809709378315,1.01537963039921,1.53471191985697,2.12329783652025,3.41630447062914,3344.62192410005,1.00072697352987
"Rt_adj[134]",3.08032669941963,0.0238285197220087,1.34857618796187,0.704302150076248,2.07747315364184,3.00616333947802,3.99064279422111,5.94225195356449,3202.99931811434,0.999895194001005
"Rt_adj[135]",3.82377641247764,0.0285692501598473,1.623426034078,1.03402789979011,2.65991771793886,3.69774816002347,4.88190263036185,7.27248067874602,3228.99467473659,1.00056065175183
"lp__",-772.874428801742,0.232807008253473,12.4482783753638,-797.938964502107,-780.886565462091,-772.441934326045,-763.991057427889,-749.84328511115,2859.0811594743,1.00088735435507
